{"main":"american-flights-api-ss.raml","name":"American Flights API SS","organizationId":"2b8d81b2-83f5-4d96-b03e-f1698a91c765","groupId":"2b8d81b2-83f5-4d96-b03e-f1698a91c765","assetId":"american-flights-api-ss","version":"1.0.1","metadata":{"branchId":"master","commitId":"4307f34dd92baec3cd6bf22a4d0e982c02125503","projectId":"7fb808ee-5877-41f7-834e-953ed5a1b87e"},"apiVersion":"v1","classifier":"raml","dependencies":[{"assetId":"training-american-flight-data-type","groupId":"68ef9520-24e9-4cf2-b2f5-620025690913","version":"1.0.1"},{"assetId":"training-american-flights-example","groupId":"68ef9520-24e9-4cf2-b2f5-620025690913","version":"1.0.1"}],"tags":[],"originalFormatVersion":"1.0"}